Name,RA (HHMMSS),Dec (DDMMSS),Luminosity with FIRST index (W/Hz),Luminosity error with FIRST index (W/Hz),Luminosity distance,LDR2-to-FIRST index,LDR2-to-FIRST index error,LDR2-to-NVSS index,LDR2-to-NVSS index error,Extent (asec),kpc per asec,Extent (kpc),Extent error (kpc),Compact,Point count,Point major,Point minor,Point angle,Raw core calculation,Core flux (mJy),Core flux error (mJy),Core dominance,Core dominance error,Log10(core dominance),Log10(core dominance) error,recno,BZCAT name,BZCAT RA,BZCAT Dec,RAJ2000,DEJ2000,class,Rmag,S1.4,S5,S143,Fxray,Fhard,Fgamma,redshift,z,zflag,radio1,radio2,microwave,optical,xrays,hardxrays,gammarays,notes,cluster,NHgal,E(B-V),avgE(B-V),stdevE(B-V),Av,3FGL,1FGLname,2FGLname,1FHLname,3FGLname,counterpart,ra_fermi,dec_fermi,GLON_fermi,GLAT_fermi,class3LAC,class2FGL,ThetaMAX95,ThetaMIN95,PosAng95,TS,Flux100,Unc_Flux100,PhotonIndex,errPhotonIndex,LDR2 name,LDR2 RA,E_RA,LDR2 Dec,E_DEC,Peak_flux,E_Peak_flux,Total_flux,E_Total_flux,Maj,E_Maj,Min,E_Min,DC_Maj,E_DC_Maj,DC_Min,E_DC_Min,PA,E_PA,DC_PA,E_DC_PA,Isl_rms,S_Code,Mosaic_ID,Number_Pointings,Masked_Fraction,BZCAT-LDR2 separation (asec),FIRST RA,FIRST Dec,SIDEPROB,FPEAK,FINT,RMS,MAJOR,MINOR,POSANG,FITTED_MAJOR,FITTED_MINOR,FITTED_POSANG,FLDNAME,NSDSS,SDSS_SEP,SDSS_MAG,SDSS_CLASS,NTMASS,TMASS_SEP,TMASS_MAG,YEAR,MJD,MJDRMS,MJDSTART,MJDSTOP,BZCAT-FIRST separation (asec),4LAC name,4LAC RA,4LAC Dec,GLON,GLAT,Signif_Avg,Flux1000,Unc_Flux1000,Energy_Flux100,Unc_Energy_Flux100,SpectrumType,PL_Index,Unc_PL_Index,Pivot_Energy,LP_Index,Unc_LP_Index,LP_beta,Unc_LP_beta,Flags,CLASS,ASSOC1,ASSOC_PROB_BAY,ASSOC_PROB_LR,Counterpart_Catalog,RA_Counterpart,DEC_Counterpart,Unc_Counterpart,VLBI_Counterpart,Gaia_Counterpart,Redshift,SED_class,nu_syn,nuFnu_syn,Variability_Index,Frac_Variability,Unc_Frac_Variability,BZCAT-4LAC separation (asec),TeVCat name,TeVCat RA,TeVCat Dec,type,date,dist,cat,NVSS RA,NVSS Dec,_RAJ2000,_DEJ2000,_r,recno,Field,Xpos,Ypos,NVSS name,RAJ2000,DEJ2000,e_RAJ2000,e_DEJ2000,S1.4,e_S1.4,l_MajAxis,MajAxis,l_MinAxis,MinAxis,PA,e_MajAxis,e_MinAxis,e_PA,f_resFlux,resFlux,polFlux,polPA,e_polFlux,e_polPA,Image,Separation
J0915+4738,09h 15m 52.95s,47d 38m 20.1s,6.60E+24,1.3e+24,6.94E+25,-0.83,0.12,-0.24,0.10,32.1,5.502108278,176.6,33.01,FALSE,23,6.873233,6.518826,103.284072,0.5573697279,0.5573697279,0.1114739456,0.05066350179,0.0162827878,-1.295304796,0.1395782889,367,5BZB J0915+4738,138.970625,47.63891667,9:15:53,+47:38:20.1,BL Lac,19,7,0,-,0.22,-,-,0.408,0.408,-,-,-,-,r,-,-,-,-,FALSE,1.60E+20,0.0205,0.0196,7.00E-04,0.0635,-,-,-,-,-,-,-,-,-,-,-,-,-,-,-,-,-,-,-,-,ILTJ091552.92+473821.3,138.9705047,2.426993541,47.63925606,3.463015353,0.4478997558,0.09332731965,11.55877524,2.500153848,41.4669942,8.854624916,22.41492179,4.55748865,41.03061348,8.854624916,21.59617717,4.55748865,151.2324698,21.46487967,151.2324698,21.46487967,0.1793242845,S,P141+47,2,1,1.247397686,138.9700205,47.63920684,0.014053002,1.71,1.7685617,0.13650928,1.94,0,142.5,5.74,5.28,142.5,09150+47189F,3,1.8032128,18.416834,g,0,99,99,1997.2505,2450540.922,1.126005845,2450538.654,2450543.642,1.803408709,-,-,-,-,-,-,-,-,-,-,-,-,-,-,-,-,-,-,-,-,-,-,-,-,-,-,-,-,-,-,-,-,-,-,-,-,-,-,-,-,-,-,-,-,-,47.63892,138.9705833,47.6401944,0.001275,685452,C0920P48,678.45,427.75,091552+473824,09 15 52.94,+47 38 24.7,0.21,2.1,6.7,0.4,<,30,<,28.9,-,-,-,-,-,-,0.7,3.3,0.39,11.2,Image,0.001274788404
J0924+5300,09h 24m 05.82s,53d 00m 33.8s,2.15E+25,0.4e+25,1.20E+26,-0.59,0.11,-0.38,0.10,33.7,7.004006327,236.1,42.02,FALSE,7,7.030343,6.643135,121.346374,10.41549028,10.41549028,2.083098056,2.490967173,0.2406762149,0.3963680042,0.04196135268,377,5BZB J0924+5300,141.02425,53.00938889,9:24:06,+53:00:33.8,BL Lac,20.2,8,0,-,0.2,-,-,0.64,0.64,-,-,-,-,r,-,-,-,-,FALSE,1.47E+20,0.0129,0.0129,1.00E-04,0.0401,-,-,-,-,-,-,-,-,-,-,-,-,-,-,-,-,-,-,-,-,ILTJ092405.69+530032.3,141.0236933,0.03718189086,53.00898748,0.04369530885,8.029676144,0.07174329949,14.59679399,0.2856681909,10.2594976,0.1207311539,6.813712475,0.06064201513,8.320523927,0.1207311539,3.229033855,0.06064201513,51.17330221,1.290997616,51.17330221,1.290997616,0.07174329949,M,P143+52,3,1,1.885097415,141.0243775,53.00934745,0.014053002,3.63,3.834053,0.14771378,2.69,0,75.4,6.03,5.11,75.4,09240+53003F,1,0.3159117,19.142609,g,0,99,99,1997.3425,2450574.54,0,2450574.54,2450574.542,0.3157213463,-,-,-,-,-,-,-,-,-,-,-,-,-,-,-,-,-,-,-,-,-,-,-,-,-,-,-,-,-,-,-,-,-,-,-,-,-,-,-,-,-,-,-,-,-,53.00939,141.025,53.0075556,0.001889,695429,C0936P52,941.43,763.58,092406+530027,09 24 06.00,+53 00 27.2,0.36,2.9,6.1,0.5,<,55,<,36.3,-,-,-,-,-,-,-0.2,-,0.63,-,Image,0.00188909248
J0930+4950,09h 30m 37.57s,49d 50m 25.6s,1.94E+24,0.4e+24,2.82E+25,-0.16,0.10,-0.03,0.10,20.4,3.146546021,64.2,18.88,FALSE,15,7.743313,7.349892,98.914644,22.34175024,22.34175024,4.468350048,1725.986048,71023.58514,3.237037281,17.87103155,386,5BZB J0930+4950,142.6565417,49.84044444,9:30:38,+49:50:25.6,BL Lac,17.6,21,18,-,16.7,0.53,-,0.187,0.187,-,-,-,-,r,-,B,-,cl,TRUE,1.38E+20,0.014,0.0135,9.00E-04,0.0433,TRUE,1FGLJ0929.4+5000,-,-,3FGL J0930.0+4951,1ES 0927+500,142.5218,49.8533,168.14545,45.62683,bll,-,0.1479,0.0984,-57.18,36.159084,5.60E-10,4.01E-10,1.4469275,0.21337812,ILTJ093037.53+495025.4,142.656395,0.0374870862,49.8404126,0.03433440341,14.13439826,0.1582151838,22.35469458,0.3766432807,7.745017033,0.08846524349,7.351551334,0.08064368521,4.897462298,0.08846524349,4.247849231,0.08064368521,98.9445085,8.777244049,98.9445085,8.777244049,0.1467744878,S,P142+50,3,1,0.3507015773,142.6566287,49.84042654,0.014053002,15.78,15.647907,0.14043489,0.67,0,29.5,5.44,5.31,29.5,09300+49440F,1,0.15577789,17.357904,g,1,0.11736869,14.608,1997.2957,2450557.436,1.358407727,2450556.588,2450559.616,0.2116488107,4FGL J0930.5+4951,142.6254,49.8577,168.11974,45.69116,8.214394,1.71E-10,3.95E-11,2.14E-12,4.32E-13,PowerLaw,1.785206,0.13783301,7112.3643,1.7452644,0.16928536,0.03700713,0.07478492,0,bll,1ES 0927+500,0.9968058,0.984538,rass,142.6565584,49.84043022,1.15E-06,RFC J0930+4950,Gaia DR2: 1018062142852758784,0.186742,-,0,0,12.340572,0.30271974,0.32653162,0.05541214906,-,-,-,-,-,-,-,-,49.84044,142.6574167,49.8406667,0.000609,703485,C0940P48,874.48,960.19,093037+495026,09 30 37.78,+49 50 26.4,0.08,0.9,21,0.7,<,22.5,<,18.7,-,-,-,-,-,-,0.27,-2.2,0.41,29.4,Image,0.0006091539529
J0950+4553,09h 50m 11.82s,45d 53m 20.1s,5.79E+25,1.2e+25,6.76E+25,-0.48,0.10,-0.41,0.10,51.1,5.426918997,277.1,32.56,FALSE,3,7.067193,6.621896,90.039302,54.23271303,54.23271303,10.84654261,0.8243965654,0.02914441602,-0.08386382623,0.01535336219,408,5BZB J0950+4553,147.54925,45.88891667,9:50:12,+45:53:20.1,BL Lac,18.8,48,37,-,0.12,-,0.5,0.399,0.399,-,-,-,-,r,-,-,-,-,FALSE,1.12E+20,0.0148,0.0147,0.0011,0.046,TRUE,-,2FGLJ0950.1+4554,-,3FGL J0950.1+4554,RX J0950.2+4553,147.5347,45.9035,172.87433,49.721268,bll,BL Lac,0.0532,0.0454,-32.38,122.20597,4.17E-09,1.32E-09,1.9499618,0.12865663,ILTJ095011.87+455318.7,147.5494635,0.01920933784,45.88855122,0.02056502536,41.72534414,0.1376294531,120.0174522,1.644482829,15.14551572,0.04977410542,13.71443866,0.04374779319,13.90631126,0.04977410542,12.33127657,0.04374779319,59.96692685,1.431683572,59.96692685,1.431683572,0.1376294531,M,P149+47,3,1,1.431379809,147.5492572,45.88888549,0.014053002,37.66,40.478714,0.13351326,1.48,1.47,90,5.6,5.6,90,09510+46093F,1,0.08765568,18.474455,s,1,0.14835449,14.996,1997.2167,2450528.605,0.9239694593,2450525.718,2450529.712,0.1255421658,4FGL J0950.2+4553,147.5649,45.8863,172.89343,49.745132,17.592627,4.26E-10,3.98E-11,4.76E-12,4.61E-13,PowerLaw,1.9947695,0.07399697,2240.463,1.984186,0.086556226,0.007960649,0.037290424,0,bll,RX J0950.2+4553,0.9995561,0.91400874,nvss,147.549238,45.888903,2.43E-07,RFC J0950+4553,Gaia DR2: 821406963442591872,0.399,LSP,7.08E+13,8.72E-13,4.398394,0,9.999999,0.06816597098,-,-,-,-,-,-,-,-,45.88892,147.5494167,45.8886944,0.000254,727365,C1000P44,921.25,972.27,095011+455319,09 50 11.86,+45 53 19.3,0.05,0.6,47.7,1.5,<,19.7,<,19.2,-,-,-,-,-,-,1.39,-31,0.43,5.8,Image,0.0002536903543
J1000+5746,10h 00m 50.21s,57d 46m 09.2s,4.54E+26,0.9e+26,1.20E+26,-0.58,0.11,-0.53,0.11,89.5,7.004006327,626.8,42.02,FALSE,13,7.246146,6.879557,74.772277,195.8256141,195.8256141,39.16512282,1.728593228,0.0460500498,0.2376928071,0.01156968696,421,5BZB J1000+5746,150.2092083,57.76922222,10:00:50,+57:46:09.2,BL Lac,19.3,93,60,-,-,-,-,0.64,0.64,-,-,-,-,r,-,-,-,-,FALSE,1.05E+20,0.01,0.0096,2.00E-04,0.0309,-,-,-,-,-,-,-,-,-,-,-,-,-,-,-,-,-,-,-,-,ILTJ100050.65+574605.2,150.2110414,0.03210286619,57.76812414,0.0169972127,141.4392183,0.1151790348,309.1117308,2.134022476,37.34766543,0.07765867251,18.56656655,0.0358606763,36.86248361,0.07765867251,17.57035146,0.0358606763,14.49367428,0.2078881841,14.49367428,0.2078881841,0.1151790348,M,P150+57,3,1,5.284728933,150.2090694,57.76921408,0.014053002,77.49,82.65667,0.1450754,1.59,1.17,158.9,5.63,5.53,158.9,10000+57282I,2,0.33929598,18.779926,g,0,99,99,2000.7964,2451835.986,436.8682824,2450594.514,2451989.721,0.2707260859,-,-,-,-,-,-,-,-,-,-,-,-,-,-,-,-,-,-,-,-,-,-,-,-,-,-,-,-,-,-,-,-,-,-,-,-,-,-,-,-,-,-,-,-,-,57.76922,150.2100833,57.7687222,0.000682,740371,C1000P56,485.11,937.46,100050+574607,10 00 50.42,+57 46 07.4,0.06,0.6,92.4,3.7,-,18.4,-,14.8,13.4,2.5,3.1,8.7,P*,24,1.75,70.6,0.5,5.1,Image,0.000681717048
J1008+4705,10h 08m 11.43s,47d 05m 21.4s,1.71E+24,0.34e+24,5.65E+25,-0.11,0.10,-0.10,0.10,14.6,4.924126699,71.8,29.54,TRUE,9,6.637049,6.312412,101.446076,5.189878763,5.526826957,1.105365391,-,-,-,-,428,5BZB J1008+4705,152.047625,47.08927778,10:08:11,+47:05:21.4,BL Lac,18.7,5,0,-,7.51,-,-,0.343,0.343,-,-,-,-,r,-,-,-,-,FALSE,7.20E+19,0.0081,0.0076,8.00E-04,0.025,-,-,-,-,-,-,-,-,-,-,-,-,-,-,-,-,-,-,-,-,ILTJ100811.43+470521.5,152.0476215,0.04232825668,47.08932293,0.04196216231,4.460204339,0.0662587841,5.526826957,0.1327494737,6.733027815,0.1007415326,6.62569514,0.09772613367,3.054784741,0.1007415326,2.810474134,0.09772613367,126.1706292,37.24984439,126.1706292,37.24984439,0.06334620412,S,P152+47,4,1,0.1559612583,152.0475651,47.08929465,0.014053002,4.17,4.2870154,0.13495216,1.28,0.23,145.2,5.55,5.4,145.2,10090+47189F,1,0.15212527,18.277954,g,1,0.2817736,15.345,1997.2338,2450534.813,2.115653233,2450532.708,2450538.695,0.1675558988,-,-,-,-,-,-,-,-,-,-,-,-,-,-,-,-,-,-,-,-,-,-,-,-,-,-,-,-,-,-,-,-,-,-,-,-,-,-,-,-,-,-,-,-,-,47.08928,152.0488333,47.0906111,0.001563,749447,C1020P48,994.01,303.98,100811+470526,10 08 11.72,+47 05 26.2,0.34,3.8,4.4,0.4,<,48,<,37.3,-,-,-,-,-,-,0.44,-35.1,0.43,18.4,Image,0.001563017639
J1012+4229,10h 12m 44.29s,42d 29m 57.0s,4.87E+25,1e+25,6.08E+25,-0.22,0.10,-0.23,0.10,20.8,5.129064135,106.9,30.77,TRUE,13,6.731217,6.424266,106.203743,121.6806199,133.2803416,26.65606831,-,-,-,-,433,5BZB J1012+4229,153.1845417,42.49916667,10:12:44,+42:29:57.0,BL Lac,18.1,80,46,-,5.14,-,0.4,0.365,0.365,-,-,-,-,pr,-,-,-,cl,TRUE,1.45E+20,0.0144,0.0142,4.00E-04,0.0446,TRUE,-,2FGLJ1012.5+4227,-,3FGL J1012.7+4229,B3 1009+427,153.184,42.4937,176.90094,54.400826,bll,BL Lac,0.0576,0.0506,17.26,109.06634,1.68E-09,6.55E-10,1.6634613,0.13325794,ILTJ101244.28+422957.2,153.1844792,0.005223189018,42.49923268,0.006095040072,101.3146413,0.1789051748,133.2803416,0.6894070562,7.222859984,0.01439759587,6.621034112,0.01224711249,4.021106709,0.01439759587,2.799350136,0.01224711249,81.25012307,0.9383420417,81.25012307,0.9383420417,0.1789051748,M,P153+42,4,1,0.2773674808,153.1845321,42.49916847,0.014053002,69.9,79.89575,0.13625968,2.38,1.66,39.2,5.9,5.65,39.2,10120+42170F,2,0.2389995,17.800764,s,1,0.39117074,14.906,1995.9264,2450056.628,115.4137727,2450019.105,2450496.843,0.02177508369,4FGL J1012.7+4228,153.1939,42.4823,176.91704,54.4102,14.2568,2.94E-10,3.77E-11,3.74E-12,5.11E-13,PowerLaw,1.7636055,0.087936185,4272.1094,1.7050797,0.12040809,0.0469621,0.057944957,0,rdg,B3 1009+427,0.99822575,0.9743882,nvss,153.1846051,42.49919272,2.11E-07,RFC J1012+4229,Gaia DR2: 805518509322726912,0.365,ISP,3.98E+14,9.51E-13,15.244551,0.39817515,0.1936685,0.1910514862,-,-,-,-,-,-,-,-,42.49917,153.18425,42.4990833,0.000231,755108,C1020P44,833.24,156.35,101244+422956,10 12 44.22,+42 29 56.7,0.04,0.6,79,2.4,<,18,<,15.5,-,-,-,-,-,-,0.48,-88.7,0.39,15.9,Image,0.0002307229205
J1015+4926,10h 15m 04.14s,49d 26m 00.7s,7.67E+25,1.5e+25,3.25E+25,-0.23,0.10,-0.25,0.10,38.3,3.474452943,133.2,20.85,TRUE,3,6.710747,6.511351,69.319566,644.5103526,670.3332933,134.0666587,-,-,-,-,434,5BZB J1015+4926,153.76725,49.43352778,10:15:04,+49:26:00.7,BL Lac,15.5,378,299,-,13.2,-,7.8,0.212,0.212,-,-,C,-,r,-,-,-,cl,TRUE,8.38E+19,0.0099,0.01,0.0013,0.0306,TRUE,1FGLJ1015.1+4927,2FGLJ1015.1+4925,1FHL J1015.0+4925,3FGL J1015.0+4925,1H 1013+498,153.7711,49.4326,165.53397,52.715134,bll,BL Lac,0.0125,0.012,-11.53,7178.591,5.11E-08,1.68E-09,1.8334184,0.016745932,ILTJ101504.13+492600.9,153.7672024,0.00116961128,49.43359546,0.001203302706,531.0749644,0.1670451311,670.3332933,1.38310976,8.197762689,0.003109842885,7.140272177,0.002437969929,5.585809715,0.003109842885,3.870310439,0.002437969929,47.55934822,0.1146145518,47.55934822,0.1146145518,0.1670451311,M,P154+50,3,1,0.2606952454,153.7671882,49.43355559,0.014053002,385.85,398.158,0.15417103,1,0.92,126.6,5.49,5.48,126.6,10150+49440F,1,0.15089972,15.312645,s,1,0.14942025,13.137,1997.2887,2450554.862,0.8668265006,2450553.654,2450556.623,0.1715621181,4FGL J1015.0+4926,153.768,49.4336,165.53343,52.71268,145.56992,8.88E-09,1.57E-10,9.35E-11,2.18E-12,LogParabola,1.8432412,0.010364872,1006.1233,1.758757,0.016962554,0.041362934,0.00600901,0,bll,1H 1013+498,0.9999745,0.9976128,nvss,153.7672492,49.43352899,1.07E-07,RFC J1015+4926,Gaia DR2: 846983979023105920,0.212,HSP,3.98E+15,1.76E-11,195.59734,0.21063751,0.058370903,0.004068675351,1ES 1011+496,10 15 04.1,+49 26 01,HBL,2007.09,z = 0.212,Default Catalog,-,49.43353,153.7672083,49.4336389,0.000112,757985,C1020P48,704.4,858.57,101504+492601,10 15 04.13,+49 26 01.1,0.05,0.6,377.7,11.3,<,17.2,<,17.1,-,-,-,-,-,-,7.44,19.8,0.4,1,Image,0.0001122258217
J1058+5628,10h 58m 37.73s,56d 28m 11.2s,7.68E+24,1.5e+24,2.10E+25,0.14,0.10,0.15,0.10,23.8,2.522712634,60,15.14,TRUE,9,7.364677,6.799009,88.004588,170.1424363,161.6269818,32.32539635,-,-,-,-,478,5BZB J1058+5628,164.6572083,56.46977778,10:58:38,+56:28:11.2,BL Lac,16,229,247,-,3.13,-,4.8,0.143,0.143,-,-,C,-,gr,-,-,-,el,FALSE,6.65E+19,0.0103,0.0102,3.00E-04,0.0318,TRUE,1FGLJ1058.6+5628,2FGLJ1058.6+5628,1FHL J1058.6+5627,3FGL J1058.6+5627,TXS 1055+567,164.665,56.4549,149.60631,54.43837,bll,BL Lac,0.0167,0.0161,-29.78,3007.9514,3.24E-08,1.62E-09,1.9451904,0.025475252,ILTJ105837.67+562811.1,164.6569665,0.00402569875,56.46975282,0.005599255958,122.343593,0.1688404736,161.6269818,0.9073677854,7.992486757,0.01319002132,6.655686564,0.009473142572,5.280064516,0.01319002132,2.879676051,0.009473142572,91.86140995,0.3761438062,91.86140995,0.3761438062,0.1688404736,M,P165+57,2,1,0.4940077244,164.6573647,56.46990377,0.014053002,207.96,221.37614,0.15266173,1.85,0.64,14.4,5.71,5.44,14.4,11000+56415G,1,0.5272939,15.730984,g,1,0.58405834,12.619,1997.779,2450733.861,197.658911,2450589.582,2451006.432,0.5415066689,4FGL J1058.6+5627,164.6652,56.4634,149.59544,54.43242,76.6749,3.12E-09,9.14E-11,3.13E-11,1.19E-12,LogParabola,1.9434319,0.018795274,1055.2075,1.8705256,0.02817906,0.04033059,0.0111860335,0,BLL,TXS 1055+567,1,0,identified,164.6571986,56.46977971,9.07E-08,RFC J1058+5628,Gaia DR2: 856842200277126272,0.143,ISP,5.62E+14,6.87E-12,155.50533,0.35064417,0.09745266,0.02274306453,-,-,-,-,-,-,-,-,56.46978,164.657125,56.4699444,0.000171,811382,C1048P56,159.87,632.55,105837+562811,10 58 37.71,+56 28 11.8,0.05,0.6,228,6.9,<,17.1,<,16.4,-,-,-,-,-,-,0.85,85.5,0.41,9.3,Image,0.0001709732226
J1131+5808,11h 31m 18.64s,58d 08m 58.8s,3.58E+25,0.7e+25,5.98E+25,-0.47,0.10,-0.35,0.10,50.1,5.083354203,254.6,30.50,FALSE,27,6.597658,6.428888,108.307194,28.4681936,28.4681936,5.693638721,0.4370924727,0.008511721278,-0.3594266726,0.008457234598,520,5BZB J1131+5808,172.8276667,58.14966667,11:31:19,+58:08:58.8,BL Lac,16.7,43,51,-,0.18,-,0.4,0.36,0.36,-,-,-,-,r,-,-,-,cl,TRUE,9.77E+19,0.0124,0.0123,7.00E-04,0.0386,TRUE,-,2FGLJ1130.9+5809,1FHL J1130.4+5814,3FGL J1131.1+5810,1RXS J113117.8+580911,172.7798,58.168,141.7871,55.922318,bll,BL Lac,0.0634,0.0626,-19,124.90853,8.31E-09,2.15E-09,2.2838454,0.120604426,ILTJ113118.97+580853.3,172.829028,0.04928539996,58.14815302,0.04347267303,24.16585444,0.0717886287,93.59901918,0.8968414081,18.29165039,0.1187218347,15.80324285,0.09926895608,17.27952555,0.1187218347,14.61935781,0.09926895608,155.8677025,2.005353738,155.8677025,2.005353738,0.0717886287,M,P174+57,4,1,6.039840993,172.8278556,58.14958048,0.014053002,28.82,31.795815,0.14788377,2.07,1.34,149.7,5.78,5.56,149.7,11330+58155J,1,0.54446995,16.401196,s,1,0.5837786,13.898,2001.2762,2452011.345,83.42615983,2451989.784,2452447.54,0.4776636367,4FGL J1131.4+5809,172.8555,58.151,141.7437,55.958195,15.525442,3.47E-10,3.48E-11,3.95E-12,3.83E-13,PowerLaw,2.1837764,0.08378948,1678.9636,2.1936114,0.08579218,-0.011312555,0.03572659,0,bll,1RXS J113117.8+580911,0.998925,0.875704,nvss,172.8276203,58.14966433,2.11E-07,RFC J1131+5808,Gaia DR2: 857993732548377216,0.359646,ISP,1.41E+14,3.69E-12,14.033527,0.2886686,0.15350544,0.09656059149,-,-,-,-,-,-,-,-,58.14967,172.8280833,58.1491667,0.000549,851582,C1130P60,470.44,68.98,113118+580857,11 31 18.74,+58 08 57.0,0.07,0.7,42.6,1.3,<,21.6,<,18.9,-,-,-,-,-,-,0.75,17.3,0.43,10.8,Image,0.000548524264
J1202+4444,12h 02m 08.66s,44d 44m 22.5s,1.16E+26,0.24e+26,4.78E+25,-0.90,0.12,-0.61,0.11,136.5,4.462164082,609.1,26.77,FALSE,9,6.980358,6.678167,113.672864,80.34403094,80.34403094,16.06880619,0.2388525932,0.004766920816,-0.6218700392,0.008667468826,551,5BZB J1202+4444,180.5360833,44.73958333,12:02:09,+44:44:22.5,BL Lac,17.7,106,69,-,0.26,-,-,0.297,0.297,-,-,C,-,gr,-,-,-,-,FALSE,1.15E+20,0.0108,0.0106,6.00E-04,0.0335,-,-,-,-,-,-,-,-,-,-,-,-,-,-,-,-,-,-,-,-,ILTJ120208.67+444418.9,180.5361273,0.01479362086,44.73860863,0.04650710822,62.05639586,0.1456484606,416.7189886,4.74697162,62.48177659,0.1095297145,21.23344168,0.03479276362,62.1929075,0.1095297145,20.36800353,0.03479276362,90.17539651,0.1501207267,90.17539651,0.1501207267,0.1456484606,M,P17,4,1,3.49900352,180.5360965,44.73958321,0.014053002,46.88,53.80694,0.13734461,2.31,1.81,10.8,5.87,5.7,10.8,12030+45013F,2,0.057690952,17.338087,g,1,0.22680232,14.452,1997.1628,2450508.948,0.7060687711,2450507.859,2450510.853,0.04384713114,4FGL J1202.4+4442,180.61,44.7147,148.9031,69.86154,5.5327125,1.16E-10,2.66E-11,1.62E-12,3.48E-13,PowerLaw,2.4577868,0.18435335,1038.7943,2.5330935,0.16251679,-0.060307894,0.06741884,0,bll,B3 1159+450,0.9810938,0,crates,180.536094,44.73957664,2.43E-07,RFC J1202+4444,Gaia DR2: 1539461624875508096,0.297,ISP,1.38E+14,1.27E-12,9.444998,0.074836925,1.2166479,0.03778807521,-,-,-,-,-,-,-,-,44.73958,180.535125,44.7391111,0.000825,889706,C1200P44,420.78,690.67,120208+444420,12 02 08.43,+44 44 20.8,0.05,0.6,105,4,-,33.5,-,17.2,85.1,1.6,2.7,1.6,S*,23,1.59,66.2,0.65,6.2,Image,0.0008246385319
J1203+6031,12h 03m 03.51s,60d 31m 19.1s,2.05E+24,0.4e+24,9.03E+24,-0.09,0.10,-0.05,0.10,30.4,1.250907669,38.1,7.51,TRUE,23,6.771621,6.465217,101.934217,201.5006482,212.1591754,42.43183508,-,-,-,-,553,5BZB J1203+6031,180.764625,60.52197222,12:03:04,+60:31:19.1,BL Lac,15.3,191,182,-,0.75,-,0.8,0.065,0.065,-,-,C,-,gr,-,-,-,nel(64),FALSE,1.64E+20,0.0137,0.0138,6.00E-04,0.0426,TRUE,1FGLJ1202.9+6032,2FGLJ1203.2+6030,1FHL J1203.2+6028,3FGL J1203.1+6029,SBS 1200+608,180.7988,60.4975,133.43576,55.63615,bll,BL Lac,0.0537,0.0469,89.07,259.2648,1.26E-08,2.17E-09,2.2084932,0.07945343,ILTJ120303.52+603119.2,180.764681,0.003177319171,60.52200296,0.00366632426,165.7175874,0.1674251398,212.1591754,1.17249147,7.665879898,0.008718209513,6.991069984,0.00738317522,4.770918521,0.008718209513,3.587643408,0.00738317522,74.08151043,0.5084754925,74.08151043,0.5084754925,0.1674251398,M,P181+60,2,1,0.1604346787,180.7643615,60.52185544,0.014053002,165.36,171.32904,0.14017911,1.16,0.87,107.9,5.52,5.47,107.9,12060+60210J,1,0.6584056,14.823537,g,1,0.69932485,12.597,2002.5176,2452464.408,0.4829323676,2452461.475,2452464.49,0.6163196304,4FGL J1203.1+6031,180.7881,60.518,133.4325,55.614964,29.85786,9.05E-10,5.42E-11,7.75E-12,6.43E-13,LogParabola,2.0962625,0.043685976,1244.8097,1.9700712,0.065930925,0.095482856,0.034337234,0,bll,SBS 1200+608,0.99852604,0.9632388,nvss,180.7646131,60.52198974,1.04E-07,RFC J1203+6031,Gaia DR2: 1582257469286900224,0.065,LSP,4.09E+13,2.47E-12,12.673939,0.14326264,0.08679534,0.07211557535,-,-,-,-,-,-,-,-,60.52197,180.7647917,60.5220556,0.00012,890885,C1200P60,421.68,638.81,120303+603119,12 03 03.55,+60 31 19.4,0.06,0.6,190.3,5.7,<,17.6,<,16.8,-,-,-,-,-,-,10.85,67,0.41,0.7,Image,0.000120275551
J1203+5430,12h 03m 31.67s,54d 30m 08.9s,1.14E+26,0.23e+26,8.40E+25,-0.39,0.10,-0.37,0.10,26.1,6.038790947,157.6,36.23,FALSE,34,7.039244,6.538162,106.364196,119.5379669,119.5379669,23.90759338,2.683567306,0.2170816959,0.4287124923,0.03513136505,554,5BZB J1203+5430,180.8819583,54.50247222,12:03:32,+54:30:08.9,BL Lac,19.2,72,42,-,-,-,-,0.478,0.478,-,-,-,-,r,-,-,-,-,FALSE,1.02E+20,0.0148,0.0147,9.00E-04,0.046,-,-,-,-,-,-,-,-,-,-,-,-,-,-,-,-,-,-,-,-,ILTJ120331.61+543008.8,180.8817169,0.01750382525,54.50245275,0.01623621605,93.51732432,0.4106924171,164.0823935,2.547939365,8.331010115,0.04146177008,7.913561837,0.03796926465,5.779768906,0.04146177008,5.158791297,0.03796926465,14.24915957,3.968169904,14.24915957,3.968169904,0.4106924171,M,P182+55,3,1,0.5119629815,180.8817861,54.50244729,0.014053002,56.03,67.85275,0.13797925,2.75,2.19,12.2,6.06,5.83,12.2,12030+54251G,1,0.3205153,18.762678,g,1,0.2209991,15.777,1997.3629,2450581.954,0.9182584311,2450581.639,2450584.634,0.3726532172,-,-,-,-,-,-,-,-,-,-,-,-,-,-,-,-,-,-,-,-,-,-,-,-,-,-,-,-,-,-,-,-,-,-,-,-,-,-,-,-,-,-,-,-,-,54.50247,180.8819167,54.5024167,0.000059,891461,C1200P56,389.1,154.4,120331+543008,12 03 31.66,+54 30 08.7,0.06,0.6,70.9,2.2,<,17.8,<,14.5,-,-,-,-,-,-,1.05,77.6,0.39,7.4,Image,0.0000589326494
J1248+5128,12h 48m 34.30s,51d 28m 07.9s,1.18E+26,0.24e+26,5.81E+25,-0.54,0.11,-0.45,0.10,64.9,4.999799175,324.5,30.00,FALSE,4,6.640524,6.45141,73.30043,113.5794299,113.5794299,22.71588599,0.5526874213,0.008071642591,-0.2575204195,0.006342590227,622,5BZB J1248+5128,192.1429167,51.46886111,12:48:34,+51:28:07.9,BL Lac,17.6,115,88,-,0.32,-,-,0.351,0.351,-,-,C,-,r,-,-,-,-,FALSE,1.10E+20,0.011,0.011,3.00E-04,0.034,TRUE,-,-,-,3FGL J1248.0+5130,RX J1248.4+5128,192.0208,51.5063,124.19619,65.61377,bll,-,0.1329,0.1166,68.22,37.057465,3.71E-09,1.54E-09,2.1634374,0.17029218,ILTJ124834.26+512807.7,192.142754,0.01371442688,51.46881875,0.008252470101,95.45761838,0.158056806,319.0833468,2.122205564,22.95475786,0.03472095667,11.53454116,0.01466517445,22.15672739,0.03472095667,9.850389597,0.01466517445,22.62630133,0.1378297341,22.62630133,0.1378297341,0.158056806,M,P33Hetdex08,3,1,0.4007835394,192.1430468,51.46890074,0.014053002,76.12,92.5941,0.14471404,2.8,2.2,41.9,6.08,5.83,41.9,12480+51396F,1,0.37182194,17.292337,s,1,0.38811898,14.462,1997.3235,2450567.584,1.001590844,2450566.696,2450568.718,0.3199612332,4FGL J1248.7+5127,192.1805,51.463,123.95831,65.659836,8.922158,1.68E-10,2.95E-11,1.90E-12,3.32E-13,PowerLaw,1.9501473,0.13117176,3357.313,1.9461845,0.14785127,0.0036713795,0.063232824,0,bll,RX J1248.4+5128,0.9969021,0.8969193,nvss,192.1429342,51.46885411,1.05E-07,RFC J1248+5128,Gaia DR2: 1568246697556604800,0.350853,ISP,2.11E+14,1.38E-12,10.766083,0.3894214,0.35289735,0.03823733317,-,-,-,-,-,-,-,-,51.46886,192.143,51.4688333,0.000057,946407,C1248P52,490.62,385.53,124834+512807,12 48 34.32,+51 28 07.8,0.05,0.6,114.1,4.1,-,15.7,<,18.3,36.1,2.9,-,6.4,-,-,3.99,-70.3,0.43,2,Image,0.00005653704737
J1258+6120,12h 58m 20.79s,61d 20m 45.5s,1.02E+24,0.2e+24,3.46E+25,0.04,0.10,0.06,0.10,13.4,3.625456316,48.6,21.75,TRUE,18,7.022146,6.633974,103.045626,8.731081713,8.369113541,1.673822708,-,-,-,-,638,5BZB J1258+6120,194.586625,61.34597222,12:58:21,+61:20:45.5,BL Lac,18.4,10,0,-,-,-,-,0.224,0.224,-,-,-,-,r,-,-,-,-,FALSE,1.36E+20,0.0166,0.0159,0.0012,0.0516,TRUE,-,-,-,3FGL J1258.0+6120,NVSS J125820+612049,194.5234,61.3398,121.51335,55.770157,bll,-,0.0916,0.0872,-47.9,36.113285,2.53E-09,1.35E-09,2.0963461,0.21046622,ILTJ125820.88+612045.2,194.5870097,0.06639324636,61.34588771,0.06323575912,6.748268232,0.1535635421,8.369113541,0.3079947989,6.903092357,0.1617970153,6.471279615,0.1429733023,3.413545521,0.1617970153,2.416058646,0.1429733023,121.0452822,12.45260532,121.0452822,12.45260532,0.1469007257,S,P197+60,2,1,0.719234459,194.5866972,61.34599973,0.014053002,9.57,9.087393,0.15374857,0,0,173.9,5.35,5.17,173.9,13000+61137M,1,0.18736929,18.010351,g,1,0.31327757,15.543,2002.5477,2452475.411,0.9978445629,2452471.499,2452478.463,0.1578919762,4FGL J1258.3+6121,194.5879,61.3622,121.46024,55.746292,8.980799,1.63E-10,2.73E-11,1.85E-12,3.13E-13,PowerLaw,1.944835,0.115896694,3090.3042,1.7563728,0.19389056,0.214409,0.123386756,0,bll,NVSS J125820+612049,0.9984351,0,bzcat,194.5866241,61.34597015,0.0045,-,-,0.224,ISP,2.66E+14,7.31E-13,9.081181,0.21333659,0.31041044,0.01012159413,-,-,-,-,-,-,-,-,61.34597,194.5865833,61.3470833,0.001114,958344,C1300P60,559.58,836.41,125820+612049,12 58 20.78,+61 20 49.5,0.24,1.6,9.7,0.5,<,34.8,<,27.1,-,-,-,-,-,-,-0.1,-,0.47,-,Image,0.001113525188
J1324+4048,13h 24m 12.08s,40d 48m 11.8s,1.31E+24,0.28e+24,8.78E+25,1.95,0.17,1.92,0.17,12.9,6.163938165,79.5,36.98,TRUE,12,6.808125,6.341755,117.733585,4.18356244,4.433015001,0.8866030002,-,-,-,-,663,5BZB J1324+4048,201.0503333,40.80327778,13:24:12,+40:48:11.8,BL Lac,19.7,349,379,-,-,-,-,0.496,0.496,-,-,C,-,r,-,-,-,nel,FALSE,1.07E+20,0.0105,0.0104,3.00E-04,0.0324,-,-,-,-,-,-,-,-,-,-,-,-,-,-,-,-,-,-,-,-,ILTJ132412.12+404811.7,201.0504975,0.07940543982,40.80326598,0.07467106672,3.488808873,0.0934800322,4.433015001,0.1905994096,6.895812314,0.1878808289,6.636695382,0.1748792111,3.396066596,0.1878808289,2.833619209,0.1748792111,104.6314278,28.16368893,104.6314278,28.16368893,0.08902077388,S,P202+42,2,1,0.4591066817,201.0502828,40.80321542,0.014053002,366.05,369.89264,0.14181408,0.81,0,13.8,5.46,5.4,13.8,13240+40417E,1,0.33568168,19.027805,g,0,99,99,1994.655,2449592.605,0.4056227947,2449592.397,2449593.398,0.2656315356,-,-,-,-,-,-,-,-,-,-,-,-,-,-,-,-,-,-,-,-,-,-,-,-,-,-,-,-,-,-,-,-,-,-,-,-,-,-,-,-,-,-,-,-,-,40.80328,201.050375,40.8032222,0.000067,990274,C1320P40,321.19,706.89,132412+404811,13 24 12.09,+40 48 11.6,0.04,0.6,349.5,10.5,<,18.7,<,15.5,-,-,-,-,P*,94,-0.05,-,0.44,-,Image,0.00006709050152
J1340+4410,13h 40m 29.80s,44d 10m 04.0s,2.29E+26,0.5e+26,9.87E+25,-0.79,0.11,-0.57,0.11,44.4,6.486557181,288.1,38.92,FALSE,18,6.826668,6.586228,71.791716,66.67422917,66.67422917,13.33484583,0.4810222957,0.003233362444,-0.3178347933,0.002919264824,687,5BZB J1340+4410,205.1241667,44.16777778,13:40:30,+44:10:04.0,BL Lac,18.7,57,33,-,2.3,-,0.4,0.546,0.546,-,-,-,-,r,-,-,-,cl,TRUE,1.57E+20,0.0157,0.0155,3.00E-04,0.0487,TRUE,1FGLJ1340.6+4406,2FGLJ1340.5+4407,-,3FGL J1340.6+4412,RX J1340.4+4410,205.1642,44.2124,96.04692,70.25745,bll,BL Lac,0.0762,0.0615,9.41,44.0734,2.21E-09,1.70E-09,1.9342177,0.24917789,ILTJ134029.15+441008.6,205.1214569,0.006489416034,44.16905463,0.009441876653,53.39251324,0.0737225273,205.2836653,0.6588203144,17.28261123,0.0247171992,9.463569726,0.0108133565,16.2076694,0.0247171992,7.317195053,0.0108133565,119.5844398,0.1322399172,119.5844398,0.1322399172,0.0737225273,M,P40Hetdex19,4,1,8.374800446,205.1240809,44.16779393,0.014053002,32.94,34.16933,0.12998463,1.3,0.7,95.1,5.55,5.44,95.1,13420+44278M,3,0.2189486,18.285305,g,1,0.123572975,14.997,1997.1489,2450503.878,0.2334231683,2450503.031,2450503.944,0.2355535573,4FGL J1340.5+4409,205.1468,44.161,95.992165,70.307045,8.624149,1.43E-10,3.34E-11,2.01E-12,4.24E-13,PowerLaw,1.6638834,0.13378495,8069.253,1.6197726,0.16436638,0.045245524,0.08155433,0,bll,RX J1340.4+4410,0.9986628,0.95604557,nvss,205.1241629,44.16775434,3.89E-07,RFC J1340+4410,Gaia DR2: 1501668695809848576,0.546,HSP,1.22E+16,2.73E-12,6.371264,0,9.999999,0.09415781153,-,-,-,-,-,-,-,-,44.16778,205.12275,44.1685833,0.001297,1010392,C1340P44,490.86,553.47,134029+441006,13 40 29.46,+44 10 06.9,0.05,0.6,56.7,1.7,<,19.9,<,15.2,-,-,-,-,-,-,0.7,56.1,0.39,10.7,Image,0.001297212708
J1341+5514,13h 41m 36.23s,55d 14m 38.0s,6.51E+24,1.3e+24,3.16E+25,-0.26,0.10,-0.21,0.10,22.6,3.410330972,77,20.46,TRUE,9,6.815267,6.477069,82.667623,53.81398322,59.53367856,11.90673571,-,-,-,-,689,5BZB J1341+5514,205.4009583,55.24388889,13:41:36,+55:14:38.0,BL Lac,17.8,37,34,-,0.73,-,-,0.207,0.207,-,-,-,-,gr,-,-,-,nel,FALSE,9.06E+19,0.0042,0.0049,5.00E-04,0.0132,TRUE,-,-,-,3FGL J1341.5+5517,SBS 1339+554,205.3851,55.2934,108.452774,60.40405,bll,-,0.1262,0.1017,-27.7,47.057724,8.02E-09,2.43E-09,2.563019,0.16856126,ILTJ134136.21+551437.9,205.4008678,0.009324674963,55.24386543,0.009938377287,43.89364476,0.1246014872,59.53367856,0.8066607964,7.353790153,0.02351379336,7.06125074,0.02183934299,4.251837298,0.02351379336,3.72285251,0.02183934299,75.12388638,3.212259118,75.12388638,3.212259118,0.1246014872,M,P205+55,4,1,0.2089268294,205.4008948,55.24386774,0.014053002,32.33,33.075768,0.13475427,0.99,0.61,10.3,5.49,5.43,10.3,13420+55098G,1,0.12974788,17.39031,g,1,0.17414477,14.526,1997.2499,2450540.709,13.3659563,2450536.823,2450586.708,0.1560034431,4FGL J1341.6+5515,205.4087,55.254,108.39648,60.43506,5.015297,1.05E-10,2.66E-11,1.16E-12,2.98E-13,PowerLaw,2.0816674,0.18894823,3044.7603,1.9957823,0.27535442,0.13723502,0.17093854,0,bll,SBS 1339+554,0.99092543,0.82618934,rass,205.4008026,55.24359894,0.009,-,-,0.207,ISP,2.45E+14,1.27E-12,6.5548487,0,10,1.096479852,-,-,-,-,-,-,-,-,55.24389,205.4003333,55.2443056,0.000548,1011757,C1336P56,320.43,333.57,134136+551439,13 41 36.08,+55 14 39.5,0.07,0.7,37.1,1.5,-,23.1,<,20.5,-32.2,2.6,-,7.2,P*,22,1.31,41.9,0.48,6.4,Image,0.0005480558569
J1401+5209,14h 01m 21.13s,52d 09m 28.9s,3.29E+25,0.7e+25,8.48E+25,-0.46,0.10,-0.44,0.10,21.5,6.067032247,130.7,36.40,TRUE,10,7.080533,6.935988,48.308713,44.99865395,45.00660117,9.001320235,-,-,-,-,703,5BZB J1401+5209,210.3380417,52.15802778,14:01:21,+52:09:28.9,BL Lac,19.3,16,0,-,0.46,-,-,0.482,0.482,-,-,-,-,r,-,-,-,-,FALSE,1.35E+20,0.0099,0.0099,3.00E-04,0.0306,-,-,-,-,-,-,-,-,-,-,-,-,-,-,-,-,-,-,-,-,ILTJ140121.11+520928.9,210.3379542,0.008833262718,52.15804832,0.00879149518,32.99082244,0.09765431533,45.00660117,0.2092158301,7.080610074,0.02114271581,6.93621232,0.0203530209,3.759659167,0.02114271581,3.47991421,0.0203530209,48.30762447,5.611428869,48.30762447,5.611428869,0.09200847853,S,P210+52,4,1,0.2006177188,210.338056,52.15804292,0.014053002,15.11,15.750598,0.14273317,1.39,0.74,0,5.58,5.45,0,14030+52196F,1,0.0948607,18.75359,g,0,99,99,1997.337,2450572.499,0.9648080976,2450571.755,2450573.753,0.05845757761,-,-,-,-,-,-,-,-,-,-,-,-,-,-,-,-,-,-,-,-,-,-,-,-,-,-,-,-,-,-,-,-,-,-,-,-,-,-,-,-,-,-,-,-,-,52.15803,210.3387083,52.1578611,0.000443,1035902,C1400P52,462.13,551,140121+520928,14 01 21.29,+52 09 28.3,0.1,1,16.5,0.6,<,24.8,<,20.1,-,-,-,-,-,-,0.55,72.3,0.41,14.4,Image,0.00044342044
J1406+5308,14h 06m 42.74s,53d 08m 33.9s,1.45E+25,0.29e+25,7.98E+25,-0.40,0.10,-0.31,0.10,30.3,5.893790635,178.6,35.36,FALSE,4,6.975337,6.583065,65.608552,10.86747898,10.86747898,2.173495795,0.9139410064,0.06739491704,-0.03908183646,0.0320253062,710,5BZB J1406+5308,211.6780833,53.14275,14:06:43,+53:08:33.9,BL Lac,19.5,11,0,-,0.21,-,-,0.458,0.458,-,-,-,-,r,-,-,-,-,FALSE,1.12E+20,0.0074,0.0075,4.00E-04,0.023,-,-,-,-,-,-,-,-,-,-,-,-,-,-,-,-,-,-,-,-,ILTJ140643.02+530836.2,211.6792346,0.06519845533,53.14340405,0.06527741992,8.521251329,0.07523398381,22.75826723,0.6200184699,13.51893085,0.1867306042,9.435020117,0.1110500863,12.11451193,0.1867306042,7.280794807,0.1110500863,45.86900263,1.859146224,45.86900263,1.859146224,0.07523398381,M,P210+52,4,1,3.42920132,211.6782894,53.1427991,0.014053002,8.7,9.255977,0.14534798,2.09,0,24.2,5.79,5.35,24.2,14060+53003F,1,0.43890873,18.940037,g,0,99,99,1997.344,2450575.077,0.4700563165,2450574.747,2450575.748,0.4855303166,-,-,-,-,-,-,-,-,-,-,-,-,-,-,-,-,-,-,-,-,-,-,-,-,-,-,-,-,-,-,-,-,-,-,-,-,-,-,-,-,-,-,-,-,-,53.14275,211.6792083,53.1431667,0.000795,1042319,C1400P52,270.3,790.13,140643+530835,14 06 43.01,+53 08 35.4,0.14,1.3,11.2,0.5,<,23.5,<,22.1,-,-,-,-,-,-,0.9,60.3,0.37,8.3,Image,0.0007947745627
J1409+5939,14h 09m 23.49s,59d 39m 40.6s,1.08E+26,0.22e+26,8.78E+25,-0.73,0.11,-0.55,0.11,54.4,6.163938165,335.4,36.98,FALSE,33,6.661875,6.464906,101.102217,39.60300373,39.60300373,7.920600746,0.47037231,0.0109417254,-0.3275582523,0.01010248874,713,5BZB J1409+5939,212.347875,59.66127778,14:09:23,+59:39:40.6,BL Lac,18.8,37,20,-,1.01,-,-,0.496,0.496,-,-,-,-,r,-,-,-,-,FALSE,1.21E+20,0.0121,0.0119,6.00E-04,0.0375,-,-,-,-,-,-,-,-,-,-,-,-,-,-,-,-,-,-,-,-,ILTJ140923.24+593932.8,212.3468127,0.05100224722,59.65912953,0.02364286648,33.10833466,0.09777684318,123.7980188,1.384890528,19.79076047,0.1214935215,10.43482914,0.05256684891,18.85930512,0.1214935215,8.537289614,0.05256684891,9.418443879,0.5653685337,9.418443879,0.5653685337,0.09777684318,M,P212+60,4,1,7.976845528,212.3477982,59.66118331,0.014053002,21.04,23.296816,0.13955176,2.1,1.37,21.8,5.79,5.57,21.8,14120+59294J,2,0.46882328,18.45143,g,1,0.72804,15.531,2002.5096,2452461.512,0.242377467,2452460.591,2452461.578,0.3717654809,-,-,-,-,-,-,-,-,-,-,-,-,-,-,-,-,-,-,-,-,-,-,-,-,-,-,-,-,-,-,-,-,-,-,-,-,-,-,-,-,-,-,-,-,-,59.66128,212.34775,59.6603611,0.000921,1045633,C1400P60,227.46,436.53,140923+593937,14 09 23.46,+59 39 37.3,0.08,0.7,35.7,1.4,-,17.2,<,16.9,5.3,3.4,-,9,-,-,0.67,-71.1,0.43,12,Image,0.0009208970002
J1410+6100,14h 10m 30.84s,61d 00m 12.8s,1.49E+25,0.3e+25,6.46E+25,-0.77,0.11,-0.47,0.10,38.6,5.298251503,204.3,31.79,FALSE,30,6.600454,6.360251,68.738823,14.26484821,14.26484821,2.852969641,0.8704856829,0.05079818235,-0.06023836742,0.02534374857,717,5BZB J1410+6100,212.6285,61.00355556,14:10:31,+61:00:12.8,BL Lac,18.9,11,0,-,1.79,-,-,0.384,0.384,-,-,-,-,r,-,-,-,-,FALSE,1.64E+20,0.0158,0.016,0.0011,0.049,-,-,-,-,-,-,-,-,-,-,-,-,-,-,-,-,-,-,-,-,ILTJ141031.08+610003.7,212.6294943,0.3385980533,61.0010409,0.1010818391,12.23452168,0.09938263975,30.65207719,0.6762029553,23.47593134,0.8053999404,8.54299914,0.2091316822,22.69598227,0.8053999404,6.081333711,0.2091316822,171.6190552,2.286458721,171.6190552,2.286458721,0.09938263975,M,P212+60,3,1,9.233279358,212.6285463,61.00342476,0.014053002,5.45,5.355673,0.14801674,1.62,0,173.7,5.64,5.08,173.7,14120+60473J,1,0.4954307,18.44966,g,1,0.24962215,15.436,2002.5392,2452472.304,1.57725406,2452471.529,2452475.531,0.4935256657,-,-,-,-,-,-,-,-,-,-,-,-,-,-,-,-,-,-,-,-,-,-,-,-,-,-,-,-,-,-,-,-,-,-,-,-,-,-,-,-,-,-,-,-,-,61.00356,212.6319583,61.0026944,0.001887,1047093,C1400P60,205.89,759.71,141031+610009,14 10 31.67,+61 00 09.7,0.24,2.3,10.5,0.9,-,33.1,<,30.8,1.5,6.8,-,13.3,-,-,0.43,57.3,0.61,22.2,Image,0.001886731229
J1415+4830,14h 15m 36.80s,48d 30m 30.5s,1.40E+25,0.28e+25,8.78E+25,0.26,0.10,0.24,0.10,25.1,6.163938165,154.4,36.98,TRUE,10,7.362388,6.962849,80.956013,24.03493052,24.03567056,4.807134112,-,-,-,-,720,5BZB J1415+4830,213.9033333,48.50847222,14:15:37,+48:30:30.5,BL Lac,18.7,41,37,-,0.44,-,-,0.496,0.496,-,-,-,-,r,-,-,-,-,FALSE,1.74E+20,0.0114,0.0113,4.00E-04,0.0352,TRUE,-,-,-,3FGL J1415.2+4832,RX J1415.5+4830,213.8114,48.5396,91.34381,63.12834,bll,-,0.1043,0.0959,40.92,56.108063,1.03E-08,2.37E-09,2.6685138,0.15544066,ILTJ141536.79+483030.2,213.9032986,0.02160063245,48.50841015,0.01960679495,16.88126925,0.1142279756,24.03567056,0.2522829989,7.362624031,0.0509924811,6.963053761,0.04603212214,4.267085358,0.0509924811,3.5314698,0.04603212214,80.94487288,5.09570002,80.94487288,5.09570002,0.1070953731,S,P213+47,3,1,0.2280922069,213.9032645,48.50849526,0.014053002,42.79,43.61482,0.13649772,0.75,0.75,90,5.45,5.45,90,14150+48304F,2,0.2452968,18.344198,s,1,0.25435343,14.875,1997.2747,2450549.764,1.384472272,2450545.86,2450552.838,0.1807134589,4FGL J1415.5+4830,213.8992,48.5142,91.21305,63.105434,23.837921,6.52E-10,4.72E-11,7.34E-12,5.65E-13,PowerLaw,1.9688796,0.053517878,2088.1187,1.9420718,0.06791164,0.023785178,0.03277895,0,bll,RX J1415.5+4830,0.9996096,0.9264215,nvss,213.9033336,48.50845864,3.40E-07,RFC J1415+4830,Gaia DR2: 1508014351074848000,0.496167,LSP,7.00E+13,7.43E-13,162.02963,0.99915105,0.27742854,0.04178760945,-,-,-,-,-,-,-,-,48.50847,213.9032083,48.5085,0.000086,1053362,C1420P48,686.38,636.27,141536+483030,14 15 36.77,+48 30 30.6,0.05,0.6,41.4,1.3,<,16.5,<,16.1,-,-,-,-,-,-,0.84,46.8,0.38,8.9,Image,0.0000860277357
J1419+5423,14h 19m 46.60s,54d 23m 14.8s,3.49E+25,0.7e+25,2.26E+25,-0.03,0.10,0.10,0.10,105.7,2.669984337,282.2,16.02,FALSE,2,7.307474,7.048953,76.942606,428.167781,428.167781,85.6335562,2.184029425,0.05424375587,0.3392584852,0.01078637659,726,5BZB J1419+5423,214.9441667,54.38744444,14:19:47,+54:23:14.8,BL Lac,15.4,789,1350,871,0.81,-,0.8,0.153,0.153,-,-,C,-,gr,-,-,-,nel(79),FALSE,1.28E+20,0.0115,0.0111,3.00E-04,0.0356,TRUE,1FGLJ1421.0+5421,2FGLJ1420.2+5422,-,3FGL J1419.9+5425,OQ 530,214.9837,54.4195,98.30575,58.272434,bll,BL Lac,0.0504,0.0448,-37.52,420.3681,1.96E-08,2.20E-09,2.3074877,0.061831567,ILTJ141945.46+542315.3,214.9394086,0.01993463352,54.3876073,0.08376559854,299.2884757,0.2074156655,624.2126585,3.442958348,37.5973412,0.1972529804,11.22042267,0.04694218101,37.1154581,0.1972529804,9.481270655,0.04694218101,90.65962121,0.3721549546,90.65962121,0.3721549546,0.2074156655,M,P214+55,3,1,9.999457656,214.9441854,54.38744057,0.014053002,573.09,583.6746,0.15243053,0.85,0.59,88,5.47,5.43,88,14210+54251G,1,0.08103903,15.104996,s,1,0.061113503,11.429,1997.362,2450581.639,0.3040012161,2450580.744,2450581.745,0.03224488297,4FGL J1419.8+5423,214.955,54.3937,98.29891,58.30302,43.928738,1.33E-09,5.93E-11,1.68E-11,5.87E-13,PowerLaw,2.3503282,0.030662097,839.5115,2.3323476,0.035974354,0.028153187,0.019428391,0,bll,OQ 530,0.99977165,0.9919536,nvss,214.9441559,54.38744086,6.32E-08,RFC J1419+5423,Gaia DR2: 1608689041624449536,0.153,LSP,4.79E+13,2.25E-11,220.74702,0.53714794,0.14789279,0.0298144702,-,-,-,-,-,-,-,-,54.38744,214.94375,54.3875278,0.00026,1058491,C1424P56,659.6,127.18,141946+542315,14 19 46.50,+54 23 15.1,0.05,0.6,787.9,27.8,-,15.2,<,18.6,84.8,2.9,-,1.4,S*,149,9.86,83.7,0.45,0.8,Image,0.0002598489689
J1422+5801,14h 22m 38.89s,58d 01m 55.5s,5.48E+25,1.1e+25,1.19E+26,-0.61,0.11,-0.48,0.10,27.9,6.979140828,194.4,41.87,FALSE,21,6.722055,6.523053,82.321003,17.92033387,17.92033387,3.584066774,0.9160945336,0.02300352895,-0.03805970833,0.0109053218,728,5BZB J1422+5801,215.6620417,58.03208333,14:22:39,+58:01:55.5,BL Lac,18.1,13,0,-,15.5,-,-,0.635,0.635,-,-,-,-,r,-,-,-,-,FALSE,1.17E+20,0.0087,0.0084,5.00E-04,0.0271,TRUE,1FGLJ1422.2+5757,-,-,3FGL J1422.8+5801,1ES 1421+582,215.722,58.0271,101.807915,55.190254,bll,-,0.079,0.0577,-89.17,59.564014,2.84E-09,1.65E-09,2.0180576,0.22385278,ILTJ142238.62+580155.9,215.6609331,0.02099027008,58.03220697,0.02058623403,14.71502593,0.06020449291,37.48199832,0.3473321474,10.5413092,0.04968094321,10.33555168,0.04821793386,8.667132592,0.04968094321,8.414577304,0.04821793386,153.4157327,9.657813658,153.4157327,9.657813658,0.06020449291,M,P217+57,4,1,2.158636978,215.6618606,58.03205342,0.014053002,7.7,9.384698,0.1507942,2.83,2.2,69.6,6.1,5.83,69.6,14240+58155J,2,0.30801678,17.910923,s,1,0.6195785,15.357,2001.2238,2451992.187,3.276604542,2451989.914,2451996.914,0.3549899757,4FGL J1422.6+5801,215.6625,58.0245,101.84902,55.211433,10.830007,1.73E-10,2.81E-11,2.24E-12,3.76E-13,PowerLaw,1.7469627,0.10280912,4741.759,1.5667285,0.17138278,0.15435416,0.08915504,0,bll,1ES 1421+582,0.999335,0.9918529,nvss,215.662012,58.03208832,2.92E-07,RFC J1422+5801,Gaia DR2: 1611442283164184448,0.635,-,0,0,8.110737,0.15686056,0.354675,0.06128168691,-,-,-,-,-,-,-,-,58.03208,215.660625,58.0326667,0.000952,1062199,C1430P60,745.68,44.17,142238+580157,14 22 38.55,+58 01 57.6,0.16,1.2,12.7,0.6,<,29.4,<,22.3,-,-,-,-,-,-,0.41,-46,0.43,19.4,Image,0.0009515534823
J1428+4240,14h 28m 32.66s,42d 40m 20.6s,1.11E+25,0.22e+25,1.87E+25,-0.78,0.11,-0.66,0.11,69.6,2.310836082,160.8,13.87,FALSE,10,8.006285,7.189473,84.908389,57.21220541,57.21220541,11.44244108,0.2843698089,0.01276513441,-0.5461165139,0.01949513366,740,5BZB J1428+4240,217.1360833,42.67238889,14:28:33,+42:40:20.6,BL Lac,16.2,59,31,-,35.5,1.64,0.8,0.129,0.129,-,-,-,-,gr,-,B,-,group,FALSE,1.13E+20,0.0106,0.0107,3.00E-04,0.0328,TRUE,1FGLJ1428.7+4239,2FGLJ1428.6+4240,1FHL J1428.6+4239,3FGL J1428.5+4240,H 1426+428,217.1494,42.6711,77.47242,64.89093,bll,BL Lac,0.028,0.0261,-58.02,294.8726,2.62E-09,6.40E-10,1.5746367,0.08518566,ILTJ142832.54+424022.0,217.1355862,0.03610097988,42.67279989,0.03984889641,35.78726345,0.1831510017,258.4016553,6.38604701,27.20351323,0.1099907288,16.70334061,0.06272432873,26.5335666,0.1099907288,15.58838735,0.06272432873,51.12976934,0.4884205091,51.12976934,0.4884205091,0.1831510017,M,P216+42,3,1,1.971187237,217.1359384,42.67254941,0.014053002,38.18,43.595463,0.13420098,2.17,1.89,46.4,5.82,5.72,46.4,14300+42493F,1,0.22028321,15.80589,g,1,0.30784276,13.532,1995.8376,2450024.249,16.14062732,2450013.26,2450069.018,0.6853906559,4FGL J1428.5+4240,217.1286,42.6776,77.503876,64.90098,26.570068,5.93E-10,4.78E-11,8.37E-12,7.40E-13,PowerLaw,1.660515,0.0511157,5015.0986,1.6307591,0.06610798,0.022207659,0.02810492,0,bll,H 1426+428,0.9996473,0.99719256,nvss,217.1358708,42.67251329,1.57E-07,RFC J1428+4240,Gaia DR2: 1492521480621768064,0.129,HSP,1.02E+18,1.04E-11,14.914235,0.24054185,0.12422705,0.7096124507,H 1426+428,14 28 32.6,+42 40 21,HBL,2002.02,z = 0.129,Default Catalog,-,42.67239,217.1355833,42.6728611,0.000596,1069397,C1420P44,135.24,199.39,142832+424022,14 28 32.54,+42 40 22.3,0.05,0.6,58,2.2,-,16.4,<,18,79.8,3,-,8.6,-,-,0.62,57,0.44,13.2,Image,0.0005960714025
J1506+4334,15h 06m 17.64s,43d 34m 13.5s,5.07E+25,1e+25,8.23E+25,-0.39,0.10,-0.43,0.10,22.9,5.981556078,137.3,35.89,TRUE,7,6.745498,6.569205,89.508787,71.9066838,75.42006584,15.08401317,-,-,-,-,777,5BZB J1506+4334,226.5735,43.57041667,15:06:18,+43:34:13.5,BL Lac,19.3,29,0,-,-,-,-,0.47,0.47,-,-,-,-,r,-,-,-,-,FALSE,1.45E+20,0.0138,0.014,4.00E-04,0.0428,TRUE,-,-,-,3FGL J1506.3+4332,NVSS J150617+433413,226.5942,43.5442,72.97295,58.2781,bll,-,0.0857,0.08,-67.49,44.058796,2.33E-09,9.59E-10,1.9471021,0.15138926,ILTJ150617.64+433413.6,226.5735151,0.003697764798,43.57045922,0.004165442707,58.42656197,0.06889785436,75.42006584,0.3143756375,7.247208973,0.009925099169,6.697660472,0.008574851867,4.064370405,0.009925099169,2.974548312,0.008574851867,72.1769883,0.7101947775,72.1769883,0.7101947775,0.06889785436,M,P226+42,4,1,0.1465901447,226.5734567,43.570429,0.014053002,29.47,31.093775,0.14519876,1.37,1.16,165.5,5.57,5.52,165.5,15060+43219F,1,0.16580871,18.871727,s,0,99,99,1997.1418,2450501.274,1.105757921,2450500.08,2450503.1,0.1175509716,4FGL J1506.4+4331,226.6221,43.5257,72.92665,58.265545,4.727814,1.26E-10,3.23E-11,1.42E-12,3.83E-13,PowerLaw,2.1461933,0.19847514,2908.3462,2.1430268,0.22878943,2.20E-04,0.10287565,0,bll,NVSS J150617+433413,0.988811,0,bllac,226.5734856,43.57044701,8.75E-07,RFC J1506+4334,Gaia DR2: 1585832458329286784,0.47,ISP,1.91E+14,4.04E-13,13.431839,0.5965914,0.37663084,0.1042285854,-,-,-,-,-,-,-,-,43.57042,226.5733333,43.5704444,0.000123,1115667,C1500P44,238.45,412.51,150617+433413,15 06 17.60,+43 34 13.6,0.06,0.7,28.6,0.9,<,21.9,<,18.4,-,-,-,-,-,-,0.7,-72.2,0.41,11.2,Image,0.0001232187833
J1605+5421,16h 05m 19.06s,54d 21m 00.0s,2.80E+24,0.6e+24,3.25E+25,-0.62,0.11,-0.50,0.10,27,3.474452943,94,20.85,FALSE,17,6.742249,6.44784,72.814662,12.25107142,12.25107142,2.450214285,1.168593075,0.0559625434,0.06766330847,0.02079785026,826,5BZB J1605+5421,241.3294167,54.35,16:05:19,+54:21:00.0,BL Lac,18.6,7,0,-,3.87,-,-,0.212,0.212,-,-,-,-,r,-,-,-,cl,TRUE,8.86E+19,0.0078,0.0077,6.00E-04,0.0243,-,-,-,-,-,-,-,-,-,-,-,-,-,-,-,-,-,-,-,-,ILTJ160519.05+542100.7,241.3293638,0.02027637136,54.35020972,0.03597418558,10.14665598,0.06416103133,22.73467917,0.3550012654,11.45403528,0.08590041589,7.680071372,0.04557588606,9.756756927,0.08590041589,4.793514116,0.04557588606,78.85391696,0.8735803182,78.85391696,0.8735803182,0.06416103133,M,P241+55,4,1,0.7641343798,241.3295613,54.35006577,0.014053002,3.94,5.541626,0.13662262,5,1.35,73.5,7.36,5.57,73.5,16060+54251G,1,0.4414251,18.205757,g,0,99,99,1997.3622,2450581.703,0.32172546,2450580.822,2450581.823,0.379400089,4FGL J1605.5+5423,241.3848,54.3982,84.405594,45.552128,6.7427254,1.25E-10,2.56E-11,1.41E-12,2.91E-13,PowerLaw,1.9479804,0.14270248,3172.1372,1.6690005,0.28142503,0.3019693,0.19684511,0,bll,RBS 1555,0.9345335,0.83507985,rass,241.3291931,54.34970093,0.009,-,-,0.212,-,0,0,7.204164,0,9.999999,1.177209065,-,-,-,-,-,-,-,-,54.35,241.330625,54.3499722,0.000703,1186888,C1600P56,325.89,118.83,160519+542059,16 05 19.35,+54 20 59.9,0.25,2.1,7.3,0.5,<,39.3,<,27.5,-,-,-,-,-,-,0.71,-56.1,0.44,11.6,Image,0.0007028631694
J1610+4516,16h 10m 03.36s,45d 16m 41.8s,6.99E+23,1.4e+23,1.10E+26,0.30,0.10,0.58,0.11,6.7,6.775291465,45.5,40.65,TRUE,14,7.026759,6.575976,112.791434,1.03481769,0.8464997426,0.1692999485,-,-,-,-,832,5BZB J1610+4516,242.514,45.27827778,16:10:03,+45:16:41.8,BL Lac,20,3,0,-,0.3,-,-,0.596,0.596,-,-,-,-,r,-,-,-,-,FALSE,1.13E+20,0.0138,0.0136,8.00E-04,0.0427,-,-,-,-,-,-,-,-,-,-,-,-,-,-,-,-,-,-,-,-,ILTJ161003.34+451641.4,242.5139123,0.3106720698,45.27817698,0.2421478272,0.8063367799,0.08381778488,0.8464997426,0.1506107221,6.674966878,0.7517623408,5.662736211,0.5432932375,0,0.7517623408,0,0.5432932375,108.500099,26.78252146,0,26.78252146,0.08326218813,S,P243+45,3,0.5,0.4322538751,242.514162,45.27822218,0.014053002,2.35,1.6785715,0.12928595,0,0,50.1,4.87,4.28,50.1,16090+45351F,1,0.38627133,19.70639,s,0,99,99,1997.1846,2450516.852,2.723255974,2450511.035,2450526,0.4600918788,-,-,-,-,-,-,-,-,-,-,-,-,-,-,-,-,-,-,-,-,-,-,-,-,-,-,-,-,-,-,-,-,-,-,-,-,-,-,-,-,-,-,-,-,-,45.27828,242.5137917,45.2776389,0.000658,1192573,C1600P44,87.6,826.07,161003+451639,16 10 03.31,+45 16 39.5,0.43,5,3.2,0.4,<,52.8,<,44.7,-,-,-,-,-,-,0.16,0.7,0.41,47.8,Image,0.0006576421257
J1617+4106,16h 17m 06.32s,41d 06m 47.0s,3.54E+25,0.7e+25,4.22E+25,-0.45,0.10,-0.28,0.10,37.6,4.134609909,155.6,24.81,FALSE,13,6.458245,6.247121,108.503805,53.56374982,53.56374982,10.71274996,0.4248859405,0.007255330769,-0.3717276395,0.007415990546,839,5BZB J1617+4106,244.2763333,41.11305556,16:17:06,+41:06:47.0,BL Lac,17.7,95,124,-,1.47,-,-,0.267,0.267,-,-,C,-,gr,-,-,-,elgroup?,FALSE,8.44E+19,0.0061,0.0062,3.00E-04,0.0189,TRUE,-,-,-,3FGL J1616.8+4111,B3 1615+412,244.2126,41.1922,65.25353,45.935356,bll,-,0.128,0.1047,-85.93,33.58652,4.93E-09,1.86E-09,2.3284175,0.17331508,ILTJ161706.75+410643.2,244.2781256,0.03101723128,41.11200036,0.04533587964,47.80182114,0.2088588371,179.6299354,1.52218862,17.43935834,0.1230768826,7.930889923,0.03980148574,16.37447076,0.1230768826,5.18490942,0.03980148574,121.6442686,0.5127563341,121.6442686,0.5127563341,0.2088588371,M,P244+43,1,1,6.18642785,244.276501,41.11304646,0.014053002,55.61,63.877167,0.13876408,2.79,1.09,102.7,6.08,5.51,102.7,16180+41132E,3,0.45049232,17.283289,g,1,0.35635662,14.003,1994.9924,2449715.743,205.5521479,2449593.519,2450071.159,0.4664716695,4FGL J1616.7+4107,244.1821,41.1234,65.15544,45.96073,7.4397244,1.55E-10,2.79E-11,1.98E-12,3.38E-13,PowerLaw,2.361076,0.13509278,1208.5828,2.1983387,0.21790734,0.17967421,0.14162521,0,bll,B3 1615+412,0.9398256,0,bllac,244.2763583,41.11305904,7.61E-07,RFC J1617+4106,Gaia DR2: 1380873668323336704,0.267,LSP,2.51E+13,1.50E-12,12.381654,0.4141064,0.31906277,0.07688972534,-,-,-,-,-,-,-,-,41.11306,244.2775833,41.1125556,0.001071,1201060,C1620P40,642.62,780.52,161706+410645,16 17 06.62,+41 06 45.2,0.04,0.6,95.1,3.4,-,14.6,<,14.2,-62.9,3.1,-,4,-,-,4,61.5,0.44,2.1,Image,0.001070532706